,authorDisplayName,authorProfileImageUrl,textDisplay,textOriginal,likeCount,publishedAt,predict
0,찰떡,https://yt3.ggpht.com/XWjfUZTXpyOfnpOtyaNd7HL9z8ZUrXwYu0CRSLnlLG6zrDTeTrXvNzcL4PmZAyYNgRS9nE3R1w=s48-c-k-c0x00ffffff-no-rj,ㄹㅇ ㄸ 싸면서 보니까 잘나옴,ㄹㅇ ㄸ 싸면서 보니까 잘나옴,0,20211130,bad_feedback
1,로블록스 유튜버,https://yt3.ggpht.com/Pl4cm-9f1_YSd8d-rlimXaYKHh0xXH2a27tcgUCcYip1W614SFdxEoPMNebfz8EpOe1xf64p0Ik=s48-c-k-c0x00ffffff-no-rj,꾀이ㅡ긔니ㅡㄴㄱㅈㅂㄷㄱㄴㅅㄴ.,꾀이ㅡ긔니ㅡㄴㄱㅈㅂㄷㄱㄴㅅㄴ.,0,20211124,good_feedback
2,제닌JN,https://yt3.ggpht.com/1S7jRnrgJkSA4ETtU8p2L8AWVUbULbBRAN-abCId3VbflU83RvSbh6yOl2T7UnYaiwvYkHCGjA=s48-c-k-c0x00ffffff-no-rj,원래 소리는 레지기가랄가락랅,원래 소리는 레지기가랄가락랅,0,20211121,bad_feedback
3,dksoojnll,https://yt3.ggpht.com/MjqqKbRJWl1RpsmP902eSQj4a4iyvNL508rhD2imO9gQCdvMR2OKjDI2NtQMQL2rgMh0gjGvmQ=s48-c-k-c0x00ffffff-no-rj,방구캐리,방구캐리,0,20211118,bad_feedback
4,초콜릿,https://yt3.ggpht.com/FMfbn2lvjIEexpqev8N2G3P916uPGSx3uwhf2S-w1hl6DhHzQH0lMrmZRBqV4rwfrXPx5tIlTg=s48-c-k-c0x00ffffff-no-rj,ㅋㅋㅋㅋㅋㅋㅋㅋㅋㅋㅋㅋㅋㅋㅋㅋㅋ,ㅋㅋㅋㅋㅋㅋㅋㅋㅋㅋㅋㅋㅋㅋㅋㅋㅋ,0,20211118,bad_feedback
5,비트,https://yt3.ggpht.com/ytc/AKedOLRGp7_-4w6SSih034NFbDarRpK3ulMO0iYoU3Eh=s48-c-k-c0x00ffffff-no-rj,호이기가고기이노기강공기기강공고노기기강강뿌르륵,호이기가고기이노기강공기기강공고노기기강강뿌르륵,0,20211118,good_feedback
6,후준,https://yt3.ggpht.com/ytc/AKedOLQqS-VBVasiPbsTZ7IfD566sKRHEgUOROjfjoDmmQ=s48-c-k-c0x00ffffff-no-rj,나중엔 부웱도 나오겠다 ㅎ,나중엔 부웱도 나오겠다 ㅎ,0,20211118,good_feedback
7,마에스트로,https://yt3.ggpht.com/ytc/AKedOLT8FfysT1N6J7tVisyKR5JhZ1dRWPwrHeitH072qw=s48-c-k-c0x00ffffff-no-rj,레지스틸은 말이 빨라서 영상이 짧은거 같은데 레지기가스는 말이 느려서 영상 길이도 느린거 같음,레지스틸은 말이 빨라서 영상이 짧은거 같은데 레지기가스는 말이 느려서 영상 길이도 느린거 같음,0,20211117,bad_feedback
8,white cream 허연크림,https://yt3.ggpht.com/QzGVl75C5qEgwhDDS0S5bISCH4r4R0DQ0q967bpVP5N8T9nofPZpUB-t-hnEy1gA1GaeBxbayg=s48-c-k-c0x00ffffff-no-rj,ㅋㅋㅋㅋㅋㅋㅋㅋ,ㅋㅋㅋㅋㅋㅋㅋㅋ,0,20211115,good_feedback
9,심준혁,https://yt3.ggpht.com/ytc/AKedOLSRBNo1X26LW1NiNh67R6QSE8r95OB5norhtdigocOIlg=s48-c-k-c0x00ffffff-no-rj,나 고정해줘,나 고정해줘,0,20211115,bad_feedback
10,ᄂᄅᄅᄂᄌᄀᄎ,https://yt3.ggpht.com/bTYyiiHTstPB5gc_GmDRKBu5dV9QodSF7VfLGL_EK_ARDG-tzXqNulIbRVrJznw7h7EIEL7y=s48-c-k-c0x00ffffff-no-rj,"<a href=""https://www.youtube.com/watch?v=f0ZAgF7YvlI&amp;t=0m04s"">0:04</a> ㅋㅋㅋㅋㅋㅋㅋㅋ",0:04 ㅋㅋㅋㅋㅋㅋㅋㅋ,0,20211114,good_feedback
11,이민정,https://yt3.ggpht.com/ytc/AKedOLQUtR1Pr91XXF3SohX7Je9PsZMd8ZlrZfCnSw=s48-c-k-c0x00ffffff-no-rj,나도 고정해줘,나도 고정해줘,0,20211114,bad_feedback
12,케인 보면 히열을 느껴버림,https://yt3.ggpht.com/nfZJRpdF0UeT2cWPUdGYdlEnCUPVpyXDAYCVYu4YCK2_JWX-pKuVltICW8D6R7NUtVDIv4kk=s48-c-k-c0x00ffffff-no-rj,마지막에 엉덩이가 떨리는 느낌 썅,마지막에 엉덩이가 떨리는 느낌 썅,0,20211112,good_feedback
13,YouTube-날먹왕 비니,https://yt3.ggpht.com/sSEdcClC0-2-Jzwc6nZBHcCVea_ezEH1z8UeosdRTegvv7EJ4kClPor9fuoctC-E4t0TM1SN59U=s48-c-k-c0x00ffffff-no-rj,ㅋㅋㅋㅋㅋㅋㅋ 구독 부탁드려요,ㅋㅋㅋㅋㅋㅋㅋ 구독 부탁드려요,0,20211110,good_feedback
14,권회위,https://yt3.ggpht.com/ytc/AKedOLTSVeyEw8vZiWant9psGjeEqMRueW47UYzrfA=s48-c-k-c0x00ffffff-no-rj,마지막:끄억 설사아악,마지막:끄억 설사아악,0,20211110,good_feedback
15,UBM 스타]]UBM star,https://yt3.ggpht.com/henk1hFJDAbTbzE0v3Cgjjc1a8yQZb3WneomIQ8nb9zY_ouxdsj2NsQMVCBKKhiLTENShaV_eA=s48-c-k-c0x00ffffff-no-rj,공깅강공깅강공깅강공깅깅공깅깅공깅깅강강(뿌지지지직)(설사),공깅강공깅강공깅강공깅깅공깅깅공깅깅강강(뿌지지지직)(설사),0,20211110,bad_feedback
16,겜늅이의로블세상,https://yt3.ggpht.com/ytc/AKedOLSBqdgRvt3lI4EW9z9C2Bb5cYvpoWFixUfJpwMZEw=s48-c-k-c0x00ffffff-no-rj,꽁깅강꽁깅강꽁깅강꽁기깅꽁강깅꽁깅깅꽁강강 뿌르르륵,꽁깅강꽁깅강꽁깅강꽁기깅꽁강깅꽁깅깅꽁강강 뿌르르륵,0,20211109,bad_feedback
17,윤세라,https://yt3.ggpht.com/ytc/AKedOLTzle6WR7FI-Ag_hwUm7iHHEJS2ih-Y8XE5qg=s48-c-k-c0x00ffffff-no-rj,꽁깅강꽁깅강꽁깅강꽁기깅꽁강깅꽁기깅꽁강강(화장실 변기물 내려가는 소리),꽁깅강꽁깅강꽁깅강꽁기깅꽁강깅꽁기깅꽁강강(화장실 변기물 내려가는 소리),1,20211109,bad_feedback
18,처음인데,https://yt3.ggpht.com/VUIbT_PAQyFtazevyHNgydtIcahEqOiZmm_UnO_dLq-iwYWCGP1VdvYVdXykfAui0ffjNeLjWQ=s48-c-k-c0x00ffffff-no-rj,마지막에 떵싸는 소리가?,마지막에 떵싸는 소리가?,0,20211109,good_feedback
19,Offical Regigigas,https://yt3.ggpht.com/ytc/AKedOLSglgttYy3FY_-Wma7sRVJXmFnpaYe1m1sYkyLIDQ=s48-c-k-c0x00ffffff-no-rj,꽁기깅깅깅공강강꽁기깅깅깅강뿌와앙<br>고정해주셈,"꽁기깅깅깅공강강꽁기깅깅깅강뿌와앙
고정해주셈",0,20211108,bad_feedback
20,거북이 스튜디오,https://yt3.ggpht.com/cvAI9ddOYUZrs0uMnlZIpBdcqmH9OieUf0PAKs-Zge_EJcS0ofpyim6T5lgO5EhDhf2vih38=s48-c-k-c0x00ffffff-no-rj,"<a href=""https://www.youtube.com/watch?v=OXabN4uspPk"">https://www.youtube.com/watch?v=OXabN4uspPk</a>",https://www.youtube.com/watch?v=OXabN4uspPk,0,20211108,good_feedback
21,거북이 스튜디오,https://yt3.ggpht.com/cvAI9ddOYUZrs0uMnlZIpBdcqmH9OieUf0PAKs-Zge_EJcS0ofpyim6T5lgO5EhDhf2vih38=s48-c-k-c0x00ffffff-no-rj,"여기 님 나옴<a href=""https://www.youtube.com/watch?v=OXabN4uspPk"">https://www.youtube.com/watch?v=OXabN4uspPk</a>",여기 님 나옴https://www.youtube.com/watch?v=OXabN4uspPk,0,20211108,bad_feedback
22,김우팡,https://yt3.ggpht.com/sQtSIIPxSwt1kfJRmXb6jHQjkYohAiiZnqSEYQWuvbUwc2GtsRlbQo7SykD3iWpccqF8YEjrKi8=s48-c-k-c0x00ffffff-no-rj,이분이 원본임 ㅋㅋ 레전드네,이분이 원본임 ㅋㅋ 레전드네,0,20211108,good_feedback
23,허지웅,https://yt3.ggpht.com/DkotcBlE7Td-yXVdqnejrVfTutk-VHaCfC3HEP9Uu5KinueBf7yJ2_1gIRVXIT6LiqOyN9K0Pw=s48-c-k-c0x00ffffff-no-rj,왜  처음에  홍익인간 들리냐?,왜  처음에  홍익인간 들리냐?,0,20211107,bad_feedback
24,화난멍뭉이youtube,https://yt3.ggpht.com/7F_LfOKN_uUv2VgZE64d_Ajt5XT8NCMAIOl7DDnJRi_nW9MFxlY4RwivH8eJDwL21TnBB2H4=s48-c-k-c0x00ffffff-no-rj,똑같에,똑같에,0,20211105,bad_feedback
25,D kim,https://yt3.ggpht.com/ytc/AKedOLSgqi9ERiLrmFCj4zEu-FRiq5UDX92FNWc3cKIa=s48-c-k-c0x00ffffff-no-rj,마지막은 결국 여친 앞에서 싸버렸ㅇ,마지막은 결국 여친 앞에서 싸버렸ㅇ,0,20211104,bad_feedback
26,김얼,https://yt3.ggpht.com/ytc/AKedOLQ5SNyVs5knd5uEIHa3zNz_rfTqYpvk7NSkiQ=s48-c-k-c0x00ffffff-no-rj,졘 안저러는데...레레지지 가각가각가가가갉 기가기가 후흥 가가가가가각가 이거 아닌가?모르겠고 마지막에 싼거같아ㅋㅋㅋ,졘 안저러는데...레레지지 가각가각가가가갉 기가기가 후흥 가가가가가각가 이거 아닌가?모르겠고 마지막에 싼거같아ㅋㅋㅋ,0,20211103,bad_feedback
27,동글이의 세상  --마인크래프트 채널🅥,https://yt3.ggpht.com/57RFla70QYc5tJoACD-Fg-ZbSXxXparwE8BTYVg5f8CIbrlT74IiOgNZ_hIbHx77tfY4I_UTTRQ=s48-c-k-c0x00ffffff-no-rj,홍깅강옹잉앙홍끼낑꽁깡ㅜ다다다다다,홍깅강옹잉앙홍끼낑꽁깡ㅜ다다다다다,0,20211103,bad_feedback
28,김오리,https://yt3.ggpht.com/6JPGRCzbF7O2Npy-dWX3wgachjDwmJwEdeVooZHc0KjvzN_hyj0haOA818ljfuNZzyOEdMgxeFo=s48-c-k-c0x00ffffff-no-rj,4초짜리 영상을 보기위해 6초짜리 광고를 보니 기분이 ㅈ같았습니다,4초짜리 영상을 보기위해 6초짜리 광고를 보니 기분이 ㅈ같았습니다,0,20211208,bad_feedback
29,날치TV,https://yt3.ggpht.com/RJFg3SmJwrMv9ALynkd34kN1KK7ekiZlXLuw3XVeXp2rxZFWq4Q13pa8OiRWakGgfQSc0c8ydX8=s48-c-k-c0x00ffffff-no-rj,"<a href=""https://youtu.be/wL8yvZDF6RA%EC%97%AC%EA%B8%B0%EC%84%9C0:24%EC%97%90%EC%84%9C"">https://youtu.be/wL8yvZDF6RA여기서0:24에서</a> 꽁기깅강꽁강꽁공꽁기깅강꽁강이나와요",https://youtu.be/wL8yvZDF6RA여기서0:24에서 꽁기깅강꽁강꽁공꽁기깅강꽁강이나와요,0,20211208,contents
30,만제 박의 포켓몬 박사,https://yt3.ggpht.com/-nXE5V-JrEKG40QnJUbdm_XGf01SH6zEY6iwBv7wM6vW9vzeGiS3J8I8qBlADgfdzL0tCMGjyg=s48-c-k-c0x00ffffff-no-rj,레지스틸 ㅋㅋㅣㄱ,레지스틸 ㅋㅋㅣㄱ,0,20211207,good_feedback
31,짧영,https://yt3.ggpht.com/_a7xk70Bv0gPgzkV1uLeDBNEqODHynk8cNTg3GwFlDKjbaBkH2mnsRR9FCa4sCTfhJLW6rFK7A=s48-c-k-c0x00ffffff-no-rj,원본이다.,원본이다.,0,20211207,good_feedback
32,샤벳상어,https://yt3.ggpht.com/Z7DxtPQ1QBMIRiXqi7my7t4jk_86-005FDH2flMZzjl03pVpDgbAj1q1cEMszzMo2NdiGqZ_vA=s48-c-k-c0x00ffffff-no-rj,꽁기깅깅깅공강강꽁기깅깅 푸와와와악<br>이거 맞나요,"꽁기깅깅깅공강강꽁기깅깅 푸와와와악
이거 맞나요",0,20211207,contents
33,하늘달,https://yt3.ggpht.com/ytc/AKedOLTqcMy8mVN6nxfEhkHUy7DN01_Jhdoo2MpKkA=s48-c-k-c0x00ffffff-no-rj,ㅋㅋㅋ,ㅋㅋㅋ,0,20211206,bad_feedback
34,선우 유튜브,https://yt3.ggpht.com/LXmRjF4RFW3qMT2RfSTt4GEmQ3M_qHsaIx5XY1WJgOTddSBUD_bRBThTj6l8XV6pWz2vZIRS=s48-c-k-c0x00ffffff-no-rj,꽁깅깅깅강꽁깅깅깅강꽁깅깅강꽁깅강,꽁깅깅깅강꽁깅깅깅강꽁깅깅강꽁깅강,0,20211205,bad_feedback
35,팬텀나이트(YouTube),https://yt3.ggpht.com/JDTDtNRfGAcTKUSmvJACCK78TEjmhIC76hiqY5k3MDY5hh-Z9VORL2Qfh9xbAny7nnBKhHZLNw=s48-c-k-c0x00ffffff-no-rj,출처!!!!!!!!!!!!저작권!!!!!!!!!,출처!!!!!!!!!!!!저작권!!!!!!!!!,0,20211204,contents
36,노랑별,https://yt3.ggpht.com/ytc/AKedOLS0UDMYZsdPRHztHLmj56xye1___GM32igPhw=s48-c-k-c0x00ffffff-no-rj,이거사실 원레 목소리가 아니라 합성된 목소리입니다.,이거사실 원레 목소리가 아니라 합성된 목소리입니다.,0,20211204,good_feedback
37,노랑별,https://yt3.ggpht.com/ytc/AKedOLS0UDMYZsdPRHztHLmj56xye1___GM32igPhw=s48-c-k-c0x00ffffff-no-rj,꽁기깅깅깅공강강꽁기깅깅꽁기깅강,꽁기깅깅깅공강강꽁기깅깅꽁기깅강,0,20211204,bad_feedback
38,나의 채널,https://yt3.ggpht.com/dRG7WLgUnjKjqrFVsn_CVfsOI-o4MVfmyHmPJ4TZZgre-33DcQ0pKn30Yhj5D4NLAbMYzfL3Dg=s48-c-k-c0x00ffffff-no-rj,꽁기깅강깅공강강꽁기깅강깅강,꽁기깅강깅공강강꽁기깅강깅강,0,20211203,bad_feedback
39,양현환,https://yt3.ggpht.com/ytc/AKedOLTnBNxmYFlahk_6q4vqwyYJ5i9dB-4FAjU0Li4Y5A=s48-c-k-c0x00ffffff-no-rj,아이 유튜브 놈들 4초짜리 하나 들을려고 6초짜리 광고를 보게 만드네,아이 유튜브 놈들 4초짜리 하나 들을려고 6초짜리 광고를 보게 만드네,0,20211203,bad_feedback
40,구름,https://yt3.ggpht.com/ytc/AKedOLQD_jbwPmKo1m9YLX5xveK2QTU4UxF6fSL_bw=s48-c-k-c0x00ffffff-no-rj,뿌웅!!!!!!!!,뿌웅!!!!!!!!,0,20211202,good_feedback
41,Leave me alone,https://yt3.ggpht.com/ytc/AKedOLRUJ1YrGwz0JIXIYz4_mQaArKR5d7Zk8EQct3zR8A=s48-c-k-c0x00ffffff-no-rj,뭐지 셀레스티얼인가,뭐지 셀레스티얼인가,0,20211202,contents
42,강범준,https://yt3.ggpht.com/oSKz6Wg-LAQjVURvggil4tNPxhJqerHqDHKATnPKHyJ3HrQgKGJ8XilzQVn-rE9LK9w8HSXYJqM=s48-c-k-c0x00ffffff-no-rj,"<a href=""https://www.youtube.com/watch?v=8vAouplPQsc&amp;t=0m03s"">0:03</a>초 우리아빠 방구 소리?",0:03초 우리아빠 방구 소리?,0,20211201,good_feedback
43,YOOSAM LEE,https://yt3.ggpht.com/ytc/AKedOLS5e8-uYcmemORoUNHHr6C4SCuU-eWQEvkw686C=s48-c-k-c0x00ffffff-no-rj,꽁기깅깅깅공강강꽁기깅깅꽁기깅깡뿌와앙,꽁기깅깅깅공강강꽁기깅깅꽁기깅깡뿌와앙,0,20211130,good_feedback
44,DAEJUNG KIM,https://yt3.ggpht.com/ytc/AKedOLQS8tN2R2sfaY3KM7AU_TqRZlsM7BPfVmembYRFEA=s48-c-k-c0x00ffffff-no-rj,속도 2배하면 다급해지는 꽁기깅강꽁기깅깅강꽁기깅강공강뿌와앙 볼수있음,속도 2배하면 다급해지는 꽁기깅강꽁기깅깅강꽁기깅강공강뿌와앙 볼수있음,1,20211130,good_feedback
45,문현기,https://yt3.ggpht.com/ytc/AKedOLQ7GWs4MGhRw-oh4y42PBS5yXkqYkmYSPeYnQ=s48-c-k-c0x00ffffff-no-rj,어디에서 나옴?ㅋㅋㅋㅋㅋㅋㅋㅋ,어디에서 나옴?ㅋㅋㅋㅋㅋㅋㅋㅋ,0,20211130,good_feedback
46,다오다오,https://yt3.ggpht.com/4UeIseoxwSTRC7BxeOSijP7pyj6GX_nGdEo9wCX9qwgvjx2TCx08AacoaTH_ivh9mlOTtjoaaA=s48-c-k-c0x00ffffff-no-rj,"<a href=""https://www.youtube.com/watch?v=8vAouplPQsc&amp;t=0m00s"">0:00</a>",0:00,2,20211129,bad_feedback
47,ㅁㅁ,https://yt3.ggpht.com/M-cmgPwNHWAGEYn5WbN8R_7Sw3__s61dBde2kkr1ueGkYS3yfp2XiUmB6RlWLUSj5Jy7qIkK=s48-c-k-c0x00ffffff-no-rj,꽁기깅강꽁기깅깅강꽁기깅강공깡깡,꽁기깅강꽁기깅깅강꽁기깅강공깡깡,0,20211129,bad_feedback
48,키차 kicha,https://yt3.ggpht.com/CdBnonbrbTp-pViTVoVj-1ZfShh_KfexoIF4v_NU8o5qz_CWj-WGnKFmFqhN-CPyavO0e_gPkAk=s48-c-k-c0x00ffffff-no-rj,꽁기깅깅 깅공강강 공기기기 깅강 뿌ㅇㅘㅏ,꽁기깅깅 깅공강강 공기기기 깅강 뿌ㅇㅘㅏ,0,20211128,good_feedback
49,Kool Kids Klub,https://yt3.ggpht.com/H6zgvs9XHUtmriKxCY2bO7-o4pDDnNB0iOF4X8uKow42RH39QpIq8E88N2jHDIlNpmLilHus4g=s48-c-k-c0x00ffffff-no-rj,Why was this funny?,Why was this funny?,0,20211128,good_feedback
50,김윤호,https://yt3.ggpht.com/ytc/AKedOLTa2PaJbbx40LHQUbVs4_NnEsyYcrz0xHmhgg=s48-c-k-c0x00ffffff-no-rj,러스트 캐논인데?,러스트 캐논인데?,0,20211128,good_feedback
51,지우,https://yt3.ggpht.com/ytc/AKedOLT2IX-CfC9KX4DH_nzgHtGLuON51u-3642cZeMmxw=s48-c-k-c0x00ffffff-no-rj,꽁기깅깅깅공강강꽁기깅깅기깅강 부와아앙,꽁기깅깅깅공강강꽁기깅깅기깅강 부와아앙,0,20211127,good_feedback
52,Tense,https://yt3.ggpht.com/0AtF_NUwdCj-Wqv-x3l7R_4InohKusQoSeOlZkEIi9hc-b5_rcmhFAmwY2TZ4Ujxqz3GoL4h2P4=s48-c-k-c0x00ffffff-no-rj,이거볼라고 7초짜리 광고본거 킹받네ㅋㅋ,이거볼라고 7초짜리 광고본거 킹받네ㅋㅋ,1,20211126,bad_feedback
53,카카롯트,https://yt3.ggpht.com/sGvbvWLHKQK3PWS6QJzFcm4jLd3FD84eluBWTaJZv76BngBgs6G4gCLFHaQLEKHs7UGcdbvs=s48-c-k-c0x00ffffff-no-rj,미친세낔ㅋㅋㅋㅋㅋㅋㅋㅋㅋㅋㅋㅋㅋ,미친세낔ㅋㅋㅋㅋㅋㅋㅋㅋㅋㅋㅋㅋㅋ,1,20211125,good_feedback
54,시나쓰 유튜브SHINASU,https://yt3.ggpht.com/ytc/AKedOLR9PP6zpvmk4DzUwUUfFD-bZXxM4WPMg6SGnnxL=s48-c-k-c0x00ffffff-no-rj,쇼미더머니10 나가보시는 것 어떠십니까,쇼미더머니10 나가보시는 것 어떠십니까,0,20211124,good_feedback
55,3프로,https://yt3.ggpht.com/ytc/AKedOLQZQRx6j5FyTw5EDj3Qa1tuCAgeZIOLGt15DEW6nw=s48-c-k-c0x00ffffff-no-rj,4초짜리 영상에 5초짜리 광고가 붙네,4초짜리 영상에 5초짜리 광고가 붙네,0,20211124,bad_feedback
56,겜충,https://yt3.ggpht.com/ytc/AKedOLRfGj1nY8lOLyVqMaTr03hsgcy4P609O6DqRmfR2Q=s48-c-k-c0x00ffffff-no-rj,느슨한 유튜브 생태계에 긴장감을 주는 영상이군요,느슨한 유튜브 생태계에 긴장감을 주는 영상이군요,0,20211124,contents
57,린가드내년엔 잘될거야,https://yt3.ggpht.com/ytc/AKedOLTugDmU3NY7E3zq4mzA7jTvkJBrS2c5nmlZpMJV=s48-c-k-c0x00ffffff-no-rj,이거 처음봣을때 문세윤 목소린줄알앗는데 아니엿노..,이거 처음봣을때 문세윤 목소린줄알앗는데 아니엿노..,1,20211124,bad_feedback
58,컴로빡 comropac,https://yt3.ggpht.com/O5ccVdZQnZsIQ7E2F_2FgxpHgWwHG-PP8F1VlyMru_Ffgnn_adEhtbU_RY8dYs1sIXTopZb61g=s48-c-k-c0x00ffffff-no-rj,꽁기깅깅깅공강강꽁기깅깅꽁기깅강<br>뿌와왕,"꽁기깅깅깅공강강꽁기깅깅꽁기깅강
뿌와왕",0,20211124,good_feedback
59,얄미운 놈,https://yt3.ggpht.com/Mb6AkwF_l86w2lP5bSbghWuoKIdZpheXeJolNgLpJngg7-SMzwA_95UU44dn3MjXO5FySRO_=s48-c-k-c0x00ffffff-no-rj,Zzzz,Zzzz,0,20211124,good_feedback
60,ㅁㅁ,https://yt3.ggpht.com/M-cmgPwNHWAGEYn5WbN8R_7Sw3__s61dBde2kkr1ueGkYS3yfp2XiUmB6RlWLUSj5Jy7qIkK=s48-c-k-c0x00ffffff-no-rj,2배속을 하면 ‘쇼미더머니 60초 심사에 나간 꽁기깅강‘ 영상을 체험할수 있습니다.,2배속을 하면 ‘쇼미더머니 60초 심사에 나간 꽁기깅강‘ 영상을 체험할수 있습니다.,0,20211124,bad_feedback
61,레지스틸,https://yt3.ggpht.com/rI3AW6nIlwlavZuLHczngSm3A6BH3E19Ww7euM4Y5BKO_X3GMv6mbFIGdi-pFquE7lOORdyPB84=s48-c-k-c0x00ffffff-no-rj,?,?,0,20211123,bad_feedback
62,Kaileb Ellwood,https://yt3.ggpht.com/ytc/AKedOLTfBIgUqSVe-zCD2YbsezB3BnzSI-crbv_xsE51=s48-c-k-c0x00ffffff-no-rj,"Ayyyy wsp other people who speak English…. It’s just me, damn","Ayyyy wsp other people who speak English…. It’s just me, damn",0,20211123,good_feedback
63,도하,https://yt3.ggpht.com/ytc/AKedOLTp227_VHBe_Bpoio7RdsSQg_9ljNhlLAxnlmOh3Q=s48-c-k-c0x00ffffff-no-rj,꽁기깅깅/깅공강강/꽁기깅깅/기깅강,꽁기깅깅/깅공강강/꽁기깅깅/기깅강,0,20211122,good_feedback
64,타크코코아,https://yt3.ggpht.com/Mjv3wye6yMLinszt5MujSmmofc9LWVbm4cIBnXhfLqSabEnFgRh15sjfcbnCqX6TCO7NO5ML=s48-c-k-c0x00ffffff-no-rj,꽁기깅강공깅강강공깅기깅강뿌어아앙,꽁기깅강공깅강강공깅기깅강뿌어아앙,0,20211121,bad_feedback
65,호홓하하,https://yt3.ggpht.com/ytc/AKedOLRBhBBd8cro-5lUogCxsxZVY5sRRSjLaoiBEzE01w=s48-c-k-c0x00ffffff-no-rj,"<a href=""https://www.youtube.com/watch?v=8vAouplPQsc&amp;t=0m02s"">0:02</a>",0:02,0,20211121,bad_feedback
66,호홓하하,https://yt3.ggpht.com/ytc/AKedOLRBhBBd8cro-5lUogCxsxZVY5sRRSjLaoiBEzE01w=s48-c-k-c0x00ffffff-no-rj,"<a href=""https://www.youtube.com/watch?v=8vAouplPQsc&amp;t=0m01s"">0:01</a>",0:01,1,20211121,bad_feedback
67,Joon,https://yt3.ggpht.com/ytc/AKedOLTuCb5Pe2jLxE7fe7nHVYDjeNvsAx2oLjUxhg=s48-c-k-c0x00ffffff-no-rj,성우분 발음좋으시네 ㅋㅋㅋㅋㅋㅋㅋㅋㅋㅋㅋ,성우분 발음좋으시네 ㅋㅋㅋㅋㅋㅋㅋㅋㅋㅋㅋ,1,20211120,bad_feedback
68,CLIPTSD,https://yt3.ggpht.com/Ri3MPRLBZcVsQD1o9KpPpVgTwHAT6Tk98a_dNLy8W-7x-tTgr0UudzbOGl2Tg-RiJKW-Fyrl9g=s48-c-k-c0x00ffffff-no-rj,나 포켓몬 몰라서 진짜 이포켓몬이 이소리 내는줄알았자너,나 포켓몬 몰라서 진짜 이포켓몬이 이소리 내는줄알았자너,0,20211120,good_feedback
69,재민 정,https://yt3.ggpht.com/ytc/AKedOLRZVqqA3rd0CaD0QupDbd7-0oKUiBvTL-Re1r1N3j0wYA=s48-c-k-c0x00ffffff-no-rj,ㅋㅋㅋㅋㅋ,ㅋㅋㅋㅋㅋ,0,20211120,good_feedback
70,꽁깅깅강,https://yt3.ggpht.com/p-ftmHhHwSJ-P2Xjm7zb96kkfdMaSoqsS_evHhr6fLplqtREuMYT7sIEO6FOXD4SGFp4ClKu=s48-c-k-c0x00ffffff-no-rj,ㅋㅋ,ㅋㅋ,0,20211120,bad_feedback
71,이름,https://yt3.ggpht.com/2NsGAg4u4llPhejVjCdmwQiA4o-0lHxRHzUkOfsY4MDsv-v51f8Qkd4zYDSldbKHtzW4QwMnbA=s48-c-k-c0x00ffffff-no-rj,내 알고리즘까지 미쳐가고 있다...,내 알고리즘까지 미쳐가고 있다...,0,20211119,good_feedback
72,김민찬,https://yt3.ggpht.com/ytc/AKedOLSPJ4J6qy3nXaMq5DoOEVurcsM6Ka0Ky0a5KQ=s48-c-k-c0x00ffffff-no-rj,이거 2배속 필수,이거 2배속 필수,0,20211119,good_feedback
73,네온,https://yt3.ggpht.com/ytc/AKedOLRUaL1F1DCbPeoTCSNEq-kIfKPup8kUqSTDGzEYYBPkwD8dc1nH96lmg2z8Qp2Pc1-4a7k=s48-c-k-c0x00ffffff-no-rj,왜케 중독되는 느낌이지?,왜케 중독되는 느낌이지?,0,20211119,good_feedback
74,상어,https://yt3.ggpht.com/ytc/AKedOLQM5ZH_YtvXF9GL6XjbHBzZoTP_Nil-d2KwlvxcFw=s48-c-k-c0x00ffffff-no-rj,꽁기깅깅깅꽁강강꽁기깅깅강,꽁기깅깅깅꽁강강꽁기깅깅강,0,20211119,bad_feedback
75,달고롬,https://yt3.ggpht.com/YIgTiW8QrkNOn5GDbGox6F2o55fg06WosOn9Fly2m4uMVoHvHc-pSq5V28Th_2eumsohe3L_2Q=s48-c-k-c0x00ffffff-no-rj,"꽁기깅깅 역재생 만들었습니다. <a href=""https://youtu.be/xlNdppqAi4A"">https://youtu.be/xlNdppqAi4A</a>",꽁기깅깅 역재생 만들었습니다. https://youtu.be/xlNdppqAi4A,1,20211119,bad_feedback
76,피뱅,https://yt3.ggpht.com/ytc/AKedOLShmzMmJKbZ-885tyIt1EGRtcoiFAKaGroDlkQL6Q=s48-c-k-c0x00ffffff-no-rj,"꽁기깅깅깅공강강꽁기깅깅꽁기깅강 1시간 버전 <a href=""https://youtu.be/h5Dzk0JfYpQ"">https://youtu.be/h5Dzk0JfYpQ</a>",꽁기깅깅깅공강강꽁기깅깅꽁기깅강 1시간 버전 https://youtu.be/h5Dzk0JfYpQ,1,20211117,good_feedback
77,김은실,https://yt3.ggpht.com/ytc/AKedOLS07I86PkM_2m6iv_99zwyi0pD4RuIgjWVUjg=s48-c-k-c0x00ffffff-no-rj,꽁기깅강꽁기깅깅강꽁기깅강강강  꽁기깅강꽁기깅깅강꽁기깅강강강  꽁기깅강꽁기깅깅강꽁기깅강강강  꽁기깅강꽁기깅깅강꽁기깅강강강  꽁기깅강꽁기깅깅강꽁기깅강강강  꽁기깅강꽁기깅깅강꽁기깅강강강,꽁기깅강꽁기깅깅강꽁기깅강강강  꽁기깅강꽁기깅깅강꽁기깅강강강  꽁기깅강꽁기깅깅강꽁기깅강강강  꽁기깅강꽁기깅깅강꽁기깅강강강  꽁기깅강꽁기깅깅강꽁기깅강강강  꽁기깅강꽁기깅깅강꽁기깅강강강,0,20211117,bad_feedback
78,전플게임채널,https://yt3.ggpht.com/GMH5QI0Rtd3_Y6uYJKVdWU-iWHK-3kxSXNgXcoUMPWlvfPNWJhBiCMl2K7f-bS31Diym7UOkCA=s48-c-k-c0x00ffffff-no-rj,이분이 꽁기깅기깅공강강의 원조를 만는 분인가?,이분이 꽁기깅기깅공강강의 원조를 만는 분인가?,0,20211117,contents
79,"보결❤️ 꿈뜰이,드레싱",https://yt3.ggpht.com/sDHFsScDfzpYBe53vzZmnmcrX_Bf-8z4Fz4B3_RJl8TlXzxBpvglWSDMqNtiwxI_yRJfPLgSVA=s48-c-k-c0x00ffffff-no-rj,이건 보면 볼수록 어이없는데 웃김ㅋㅋㅋㅋ &#39;이게 대체 뭐지..?&#39; 하면서도 웃고있어ㅋㅋㅋ,이건 보면 볼수록 어이없는데 웃김ㅋㅋㅋㅋ '이게 대체 뭐지..?' 하면서도 웃고있어ㅋㅋㅋ,3,20211116,bad_feedback
80,white cream 허연크림,https://yt3.ggpht.com/QzGVl75C5qEgwhDDS0S5bISCH4r4R0DQ0q967bpVP5N8T9nofPZpUB-t-hnEy1gA1GaeBxbayg=s48-c-k-c0x00ffffff-no-rj,마기라스가 하면 ㅋㅋ,마기라스가 하면 ㅋㅋ,0,20211116,bad_feedback
81,밀크,https://yt3.ggpht.com/P2mEDUnpqE3ZSErwI9iS686dA8ib4IgKWb5WC7woqYG08PAcm1jBzxZtUv8x5qfuHMQtn8KGMA=s48-c-k-c0x00ffffff-no-rj,꽁기깅강꽁기깅깅강꽁기깅강공강꽁 꽁기깅강꽁기깅깅강꽁기깅강공강꽁 꽁기깅강꽁기깅깅강꽁기깅강공강꽁 꽁기깅강꽁기깅깅강꽁기깅강공강꽁 꽁기깅강꽁기깅깅강꽁기깅강공강꽁 꽁기깅강꽁기깅깅강꽁기깅강공강꽁 꽁기깅강꽁기깅깅강꽁기깅강공강꽁 꽁기깅강꽁기깅깅강꽁기깅강공강꽁 꽁기깅강꽁기깅깅강꽁기깅강공강꽁 ㅃ우웅ㅇ,꽁기깅강꽁기깅깅강꽁기깅강공강꽁 꽁기깅강꽁기깅깅강꽁기깅강공강꽁 꽁기깅강꽁기깅깅강꽁기깅강공강꽁 꽁기깅강꽁기깅깅강꽁기깅강공강꽁 꽁기깅강꽁기깅깅강꽁기깅강공강꽁 꽁기깅강꽁기깅깅강꽁기깅강공강꽁 꽁기깅강꽁기깅깅강꽁기깅강공강꽁 꽁기깅강꽁기깅깅강꽁기깅강공강꽁 꽁기깅강꽁기깅깅강꽁기깅강공강꽁 ㅃ우웅ㅇ,0,20211116,bad_feedback
82,송유진,https://yt3.ggpht.com/ytc/AKedOLRApfL7D03ySnET4N8x5Apwwr5rPe4MrZVX-w=s48-c-k-c0x00ffffff-no-rj,알고리즘이 이끄는대로,알고리즘이 이끄는대로,0,20211115,contents
83,심준혁,https://yt3.ggpht.com/ytc/AKedOLSRBNo1X26LW1NiNh67R6QSE8r95OB5norhtdigocOIlg=s48-c-k-c0x00ffffff-no-rj,나 고정해줘,나 고정해줘,0,20211115,bad_feedback
84,소지로,https://yt3.ggpht.com/MbBPgQNzEZNCj43DiqjEQYkT-RBe9UbrN-1ntqkiQpU80cbpq_M9WTQcfOvfamX5ggn4ynT-Dg=s48-c-k-c0x00ffffff-no-rj,꽁기깅강꽁기깅깅강꽁기깅강공강뿌와앙,꽁기깅강꽁기깅깅강꽁기깅강공강뿌와앙,0,20211115,bad_feedback
85,수진 변,https://yt3.ggpht.com/ytc/AKedOLSR1lZ4sqYBX8MgXLEXngerHma5GWh3uxhthnXRlsnVWQ=s48-c-k-c0x00ffffff-no-rj,이거 좋아하는데 나 이거 자주 부름<br>꽁기깅기꽁기깅깅강꽁기깅강공강 뽜아앙,"이거 좋아하는데 나 이거 자주 부름
꽁기깅기꽁기깅깅강꽁기깅강공강 뽜아앙",0,20211115,good_feedback
86,김은실,https://yt3.ggpht.com/ytc/AKedOLS07I86PkM_2m6iv_99zwyi0pD4RuIgjWVUjg=s48-c-k-c0x00ffffff-no-rj,꽁기깅강꽁기깅깅강꽁기깅깅강,꽁기깅강꽁기깅깅강꽁기깅깅강,0,20211115,bad_feedback
87,노빡,https://yt3.ggpht.com/1BgqLmWiDEr-K1JmCYECQcNRJKNeBfFPc1cBNnZYecgRxDYYHsAmMIXM_bMPnMwvo7h2lmWdoXM=s48-c-k-c0x00ffffff-no-rj,밈이 아니라 만화의 한장면인데 ㅋㅋ,밈이 아니라 만화의 한장면인데 ㅋㅋ,0,20211115,good_feedback
88,오영석,https://yt3.ggpht.com/ytc/AKedOLQFJIpmaciXl1Ep0-ubnLQLDrSjLZn7iYk594nrhA=s48-c-k-c0x00ffffff-no-rj,4초짜리 영상 보려고 5초짜리 광고봤다 ㅋㅋㅋㅋㅋㅋ<br>질문 안받는다 ㅋㅋㅋㅋㅋㅋㅋㅋ,"4초짜리 영상 보려고 5초짜리 광고봤다 ㅋㅋㅋㅋㅋㅋ
질문 안받는다 ㅋㅋㅋㅋㅋㅋㅋㅋ",0,20211115,bad_feedback
89,러버덕tv,https://yt3.ggpht.com/-2XIibqjZKVBHXobMyyvB_a3bMvfkgk4tTpQlJzwJsnDyxTq3vX3g9yeSlSl61zlDh28FYTzLG8=s48-c-k-c0x00ffffff-no-rj,ㅋㅋㅋㅋㅋㅋ너무 웃김,ㅋㅋㅋㅋㅋㅋ너무 웃김,0,20211114,good_feedback
90,오징어해양범죄과학수사국 DSMCSI,https://yt3.ggpht.com/-Ih4NvwRo0HdAjf_R369iuPHUyeJZx4hL-G63FpdMmyY5lyvCF5DUt-MMYPG-5yUbZul8kjFbKY=s48-c-k-c0x00ffffff-no-rj,한국밈피하기하다가 떠서 이게 뭐지 해ㅛ는데 이거였구나,한국밈피하기하다가 떠서 이게 뭐지 해ㅛ는데 이거였구나,0,20211114,good_feedback
91,아아 아,https://yt3.ggpht.com/ytc/AKedOLSR1lZ4sqYBX8MgXLEXngerHma5GWh3uxhthnXRlsnVWQ=s48-c-k-c0x00ffffff-no-rj,이거 어디서 나온 거임?,이거 어디서 나온 거임?,0,20211114,bad_feedback
92,갈퀴,https://yt3.ggpht.com/b5nacnp2jfvh63CjQmguBDcvGhsPJK_fPiIvsTROdVct2DHLAXloQC9E6ptNdA75Zbrtf0H_FKg=s48-c-k-c0x00ffffff-no-rj,안 본 사람은 있어도 한 번 본사람은 없다는,안 본 사람은 있어도 한 번 본사람은 없다는,1,20211114,good_feedback
93,임연우,https://yt3.ggpht.com/ytc/AKedOLTQLWImQXnezPvP0mydHdsRyfAQDq8uAs_OLw=s48-c-k-c0x00ffffff-no-rj,?,?,0,20211114,bad_feedback
94,범준,https://yt3.ggpht.com/ytc/AKedOLRU1U8C-FO17c4n0M-CxewEvID2ywAeWfeS0UtQ0g=s48-c-k-c0x00ffffff-no-rj,ㅋㅋㅋ씨발 이거 자꾸 머리속에서 생각났는데 제목이 뭔지 기억안나서 못찾고있었는데 알고리즘에 뜨노,ㅋㅋㅋ씨발 이거 자꾸 머리속에서 생각났는데 제목이 뭔지 기억안나서 못찾고있었는데 알고리즘에 뜨노,0,20211114,good_feedback
95,사탄,https://yt3.ggpht.com/dl2uMQh-E6h5w1ttvVsg2uSMax_LXMd5qaDmpIdovCJlLza4EHt_xlwJX-NWugA-SB3uZWsYq9s=s48-c-k-c0x00ffffff-no-rj,이거원본이머지.,이거원본이머지.,0,20211113,bad_feedback
96,양,https://yt3.ggpht.com/u1a6O8eHrtkvvwsLOBFLbxcHFsZn1uwxVlv5cZlElShWE9_qUBSzjSmwv0JbWizuDaLGxXp-hy8=s48-c-k-c0x00ffffff-no-rj,ㅋㅋㅋㅋㅋㅋㅋㅋㅋㅋㅋㅋㅋㅋㅋㅋㅋㅋㅋㅋㅋㅋㅋㅋㅋㅋㅋ,ㅋㅋㅋㅋㅋㅋㅋㅋㅋㅋㅋㅋㅋㅋㅋㅋㅋㅋㅋㅋㅋㅋㅋㅋㅋㅋㅋ,0,20211113,good_feedback
97,유광표,https://yt3.ggpht.com/ytc/AKedOLR_VNZo4KkBFTVQLrkgvistGsn4XWYi5DjMGd9K=s48-c-k-c0x00ffffff-no-rj,"<a href=""https://www.youtube.com/watch?v=8vAouplPQsc&amp;t=0m03s"">0:03</a>",0:03,1,20211113,bad_feedback
98,김계민,https://yt3.ggpht.com/ytc/AKedOLSeNAWKhMH-it1RlDuMyM2daHwGjDSfw_lrdQ=s48-c-k-c0x00ffffff-no-rj,근데 이거 고누리 목소리 아님?,근데 이거 고누리 목소리 아님?,0,20211113,bad_feedback
99,게임하고싶다,https://yt3.ggpht.com/oPa8i74NturyHNFRE8NX_--LZZA-lwBfeZeT6N7mJAQOAi-SE4w1SANDWJZYc-U_J6EfniPgjA=s48-c-k-c0x00ffffff-no-rj,꽁기깅타ㅓ놔오ㅓ커자커뎌나ㅠ2ㅓ마ㅗ디므오다저ㅓ어조ㅓ자ㅛㅓㅓ나1ㅎ쟈나ㅗ댜지뉴오ㅡㅈㅎㅎ아투ㅕ다ㅜ너아자ㅓㅓ1ㅜㅌ러,꽁기깅타ㅓ놔오ㅓ커자커뎌나ㅠ2ㅓ마ㅗ디므오다저ㅓ어조ㅓ자ㅛㅓㅓ나1ㅎ쟈나ㅗ댜지뉴오ㅡㅈㅎㅎ아투ㅕ다ㅜ너아자ㅓㅓ1ㅜㅌ러,0,20211113,good_feedback
100,마늘요리,https://yt3.ggpht.com/ytc/AKedOLRe87n7ctl3xVkVcN88O_mKKueoOP029PSyOCVe=s48-c-k-c0x00ffffff-no-rj,1921 : 미래에는 하늘을 나는 자동차가 있겠지<br>2021 : 하늘을 나는 꽁기깅강,"1921 : 미래에는 하늘을 나는 자동차가 있겠지
2021 : 하늘을 나는 꽁기깅강",0,20211112,bad_feedback
101,v v,https://yt3.ggpht.com/ytc/AKedOLQaQAs6zHanERJwpCZzE2o6b4n30vJRX9WDW0IB=s48-c-k-c0x00ffffff-no-rj,내 생애 제일 쓸데없는 4초,내 생애 제일 쓸데없는 4초,0,20211112,bad_feedback
102,오줌이TV,https://yt3.ggpht.com/zcwmVlc8o6mSY-xCd4yWManhEqtF8OtHJl2r5-2OBh7zQfxRk5jrM0WaUoyeyzJ30QDCL9AthF0=s48-c-k-c0x00ffffff-no-rj,핵초보유튜버에서 유명 유튜버로 떡상!,핵초보유튜버에서 유명 유튜버로 떡상!,0,20211112,bad_feedback
103,제닌JN,https://yt3.ggpht.com/1S7jRnrgJkSA4ETtU8p2L8AWVUbULbBRAN-abCId3VbflU83RvSbh6yOl2T7UnYaiwvYkHCGjA=s48-c-k-c0x00ffffff-no-rj,이거 짤툰에 노우는거 아닌가,이거 짤툰에 노우는거 아닌가,0,20211112,bad_feedback
104,L€MON,https://yt3.ggpht.com/aJO4yor-bM9ditmRDUuxfhiHBHLkJMKCrW7bzBKtPRlVAjA6vKHKGSi6T2NfvCTCCwKWmVMS=s48-c-k-c0x00ffffff-no-rj,4초짜리 볼려고 6초짜리 광고를 틀어주는 유튜브가 레전드다,4초짜리 볼려고 6초짜리 광고를 틀어주는 유튜브가 레전드다,0,20211112,good_feedback
105,호떡,https://yt3.ggpht.com/x4RXdPKcbuFIHpIPbgIdQcW--OzJcVdxfQ_WS08CKXNnggq9Kbqj1gG5HSMKcaguVgm8Gdx-pw=s48-c-k-c0x00ffffff-no-rj,꽁기깅강꽁기깅깅강꽁기깅공강뿌와아아아아아아아아앙~~~~~,꽁기깅강꽁기깅깅강꽁기깅공강뿌와아아아아아아아아앙~~~~~,0,20211112,bad_feedback
106,Hun Cho,https://yt3.ggpht.com/ytc/AKedOLTYQZ-zbeMidKOpbT--NBKfoEEWzQPkCLUkh1Ua=s48-c-k-c0x00ffffff-no-rj,이거 0.25배속 해보셈 ㅋ,이거 0.25배속 해보셈 ㅋ,0,20211111,bad_feedback
107,게임도사 _ TV,https://yt3.ggpht.com/URE9nTWZcvdlATE9rjeTzPnTyhpxr_-X02yIXfV46dhxhHn1RDQlxKjSOpE6I363zaQw9t6vQw=s48-c-k-c0x00ffffff-no-rj,ㅋㅋㅋㅋㅋ,ㅋㅋㅋㅋㅋ,0,20211111,good_feedback
108,레바tv,https://yt3.ggpht.com/zaBdtbn5MlAN-0qhc7_5hTV4MvJpjNNUByv-EHBn1BrgNj4cNC08iyh0sx1CR8IrCYzczwXwVA=s48-c-k-c0x00ffffff-no-rj,마지막 방구 뀐거 아님?,마지막 방구 뀐거 아님?,0,20211111,good_feedback
109,유광표,https://yt3.ggpht.com/ytc/AKedOLR_VNZo4KkBFTVQLrkgvistGsn4XWYi5DjMGd9K=s48-c-k-c0x00ffffff-no-rj,꽁기깅강꽁기깅깅강꽁기깅강공강뿡,꽁기깅강꽁기깅깅강꽁기깅강공강뿡,0,20211111,bad_feedback
110,현수 이,https://yt3.ggpht.com/ytc/AKedOLQ0QXQBMyhosaLlfc3yOmFDzCu99zOPvkRgF2y6svk9_w=s48-c-k-c0x00ffffff-no-rj,xx 이게 뭔데 롤 할때마다 애들이 링크 도배 하냐,xx 이게 뭔데 롤 할때마다 애들이 링크 도배 하냐,1,20211111,bad_feedback
111,김경선,https://yt3.ggpht.com/ytc/AKedOLTXpudXsxuXyr6vqCW-BBxSyUb_dzS5LiaA2Q=s48-c-k-c0x00ffffff-no-rj,광고가 더 긴 영상,광고가 더 긴 영상,0,20211111,bad_feedback
112,심원석,https://yt3.ggpht.com/ytc/AKedOLQ3QqyC05MNfL_jR1xn3AxcaO-sCPwSmSSgyQ=s48-c-k-c0x00ffffff-no-rj,"<a href=""https://www.youtube.com/watch?v=8vAouplPQsc&amp;t=0m03s"">0:03</a>",0:03,0,20211110,bad_feedback
113,바팅화면.,https://yt3.ggpht.com/ytc/AKedOLS2E34MZfDA2zBo5EOoYmUjIRNxYdqJQaRTmwsTmA=s48-c-k-c0x00ffffff-no-rj,"<a href=""https://www.youtube.com/watch?v=8vAouplPQsc&amp;t=0m03s"">0:03</a>",0:03,0,20211110,bad_feedback
114,UBM 스타]]UBM star,https://yt3.ggpht.com/henk1hFJDAbTbzE0v3Cgjjc1a8yQZb3WneomIQ8nb9zY_ouxdsj2NsQMVCBKKhiLTENShaV_eA=s48-c-k-c0x00ffffff-no-rj,꽁기깅강꽁기깅깅강꽁기깅걍공 (슈우우우욱~~~) 뿌와아아아아앙,꽁기깅강꽁기깅깅강꽁기깅걍공 (슈우우우욱~~~) 뿌와아아아아앙,0,20211110,bad_feedback
115, 토즌 ToZen,https://yt3.ggpht.com/S9DDCGz2eap14kaHOE_48Kle_27SR13sbbiNDYO1x9gKIUxXDYduzEh2GK6MCW1no7L7dQzdlCM=s48-c-k-c0x00ffffff-no-rj,조회수가 200만 ㅋㅋ,조회수가 200만 ㅋㅋ,0,20211110,bad_feedback
116,루브,https://yt3.ggpht.com/xY7Ay-6-lr7A3kGj_5Ofj9PUyYz-h2uWYTZxu0kOJQ2EgEPwClPnQ6G-0jtR6LiYc2IymR5t=s48-c-k-c0x00ffffff-no-rj,꽁기깅강꽁기깅깅강꽁기깅강공강꽁기깅강꽁기깅깅강꽁기깅강공강꽁기깅강꽁기깅깅강꽁기깅강공강꽁기깅강꽁기깅깅강꽁기깅강공강꽁기깅강꽁기깅깅강꽁기깅강공강꽁기깅강꽁기깅깅강꽁기깅강공강꽁기깅강꽁기깅깅강꽁기깅강공강꽁기깅강꽁기깅깅강꽁기깅강공강꽁기깅강꽁기깅깅강꽁기깅강공강꽁기깅강꽁기깅깅강꽁기깅강공강꽁기깅강꽁기깅깅강꽁기깅강공강꽁기깅강꽁기깅깅강꽁기깅강공강꽁기깅강꽁기깅깅강꽁기깅강공강꽁기깅강꽁기깅깅강꽁기깅강공강꽁기깅강꽁기깅깅강꽁기깅강공강꽁기깅강꽁기깅깅강꽁기깅강공강꽁기깅강꽁기깅깅강꽁기깅강공강꽁기깅강꽁기깅깅강꽁기깅강공강꽁기깅강꽁기깅깅강꽁기깅강공강꽁기깅강꽁기깅깅강꽁기깅강공꽁기깅강공강꽁기깅강꽁기깅깅강꽁기깅강공강꽁기깅강꽁기깅깅강꽁기깅강공강꽁기깅강꽁기깅깅강꽁기깅강공꽁기깅강공강꽁기깅강꽁기깅깅강꽁기깅강공강꽁기깅강꽁기깅깅강꽁기깅강공강꽁기깅강꽁기깅깅강꽁기깅강공꽁기깅강공강꽁기깅강꽁기깅깅강꽁기깅강공강꽁기깅강꽁기깅깅강꽁기깅강공강꽁기깅강꽁기깅깅강꽁기깅강공꽁기깅강공강꽁기깅강꽁기깅깅강꽁기깅강공강꽁기깅강꽁기깅깅강꽁기깅강공강꽁기깅강꽁기깅깅강꽁기깅강공꽁기깅강공강꽁기깅강꽁기깅깅강꽁기깅강공강꽁기깅강꽁기깅깅강꽁기깅강공강꽁기깅강꽁기깅깅강꽁기깅강공꽁기깅강공강꽁기깅강꽁기깅깅강꽁기깅강공강꽁기깅강꽁기깅깅강꽁기깅강공강꽁기깅강꽁기깅깅강꽁기깅강공꽁기깅강공강꽁기깅강꽁기깅깅강꽁기깅강공강꽁기깅강꽁기깅깅강꽁기깅강공강꽁기깅강꽁기깅깅강꽁기깅강공꽁기깅강공강꽁기깅강꽁기깅깅강꽁기깅강공강꽁기깅강꽁기깅깅강꽁기깅강공강꽁기깅강꽁기깅깅강꽁기깅강공꽁기깅강공강꽁기깅강꽁기깅깅강꽁기깅강공강꽁기깅강꽁기깅깅강꽁기깅강공강꽁기깅강꽁기깅깅강꽁기깅강공꽁기깅강공강꽁기깅강꽁기깅깅강꽁기깅강공강꽁기깅강꽁기깅깅강꽁기깅강공강꽁기깅강꽁기깅깅강꽁기깅강공꽁기깅강공강꽁기깅강꽁기깅깅강꽁기깅강공강꽁기깅강꽁기깅깅강꽁기깅강공강꽁기깅강꽁기깅깅강꽁기깅강공꽁기깅강공강꽁기깅강꽁기깅깅강꽁기깅강공강꽁기깅강꽁기깅깅강꽁기깅강공강꽁기깅강꽁기깅깅강꽁기깅강공꽁기깅강공강꽁기깅강꽁기깅깅강꽁기깅강공강꽁기깅강꽁기깅깅강꽁기깅강공강꽁기깅강꽁기깅깅강꽁기깅강공,꽁기깅강꽁기깅깅강꽁기깅강공강꽁기깅강꽁기깅깅강꽁기깅강공강꽁기깅강꽁기깅깅강꽁기깅강공강꽁기깅강꽁기깅깅강꽁기깅강공강꽁기깅강꽁기깅깅강꽁기깅강공강꽁기깅강꽁기깅깅강꽁기깅강공강꽁기깅강꽁기깅깅강꽁기깅강공강꽁기깅강꽁기깅깅강꽁기깅강공강꽁기깅강꽁기깅깅강꽁기깅강공강꽁기깅강꽁기깅깅강꽁기깅강공강꽁기깅강꽁기깅깅강꽁기깅강공강꽁기깅강꽁기깅깅강꽁기깅강공강꽁기깅강꽁기깅깅강꽁기깅강공강꽁기깅강꽁기깅깅강꽁기깅강공강꽁기깅강꽁기깅깅강꽁기깅강공강꽁기깅강꽁기깅깅강꽁기깅강공강꽁기깅강꽁기깅깅강꽁기깅강공강꽁기깅강꽁기깅깅강꽁기깅강공강꽁기깅강꽁기깅깅강꽁기깅강공강꽁기깅강꽁기깅깅강꽁기깅강공꽁기깅강공강꽁기깅강꽁기깅깅강꽁기깅강공강꽁기깅강꽁기깅깅강꽁기깅강공강꽁기깅강꽁기깅깅강꽁기깅강공꽁기깅강공강꽁기깅강꽁기깅깅강꽁기깅강공강꽁기깅강꽁기깅깅강꽁기깅강공강꽁기깅강꽁기깅깅강꽁기깅강공꽁기깅강공강꽁기깅강꽁기깅깅강꽁기깅강공강꽁기깅강꽁기깅깅강꽁기깅강공강꽁기깅강꽁기깅깅강꽁기깅강공꽁기깅강공강꽁기깅강꽁기깅깅강꽁기깅강공강꽁기깅강꽁기깅깅강꽁기깅강공강꽁기깅강꽁기깅깅강꽁기깅강공꽁기깅강공강꽁기깅강꽁기깅깅강꽁기깅강공강꽁기깅강꽁기깅깅강꽁기깅강공강꽁기깅강꽁기깅깅강꽁기깅강공꽁기깅강공강꽁기깅강꽁기깅깅강꽁기깅강공강꽁기깅강꽁기깅깅강꽁기깅강공강꽁기깅강꽁기깅깅강꽁기깅강공꽁기깅강공강꽁기깅강꽁기깅깅강꽁기깅강공강꽁기깅강꽁기깅깅강꽁기깅강공강꽁기깅강꽁기깅깅강꽁기깅강공꽁기깅강공강꽁기깅강꽁기깅깅강꽁기깅강공강꽁기깅강꽁기깅깅강꽁기깅강공강꽁기깅강꽁기깅깅강꽁기깅강공꽁기깅강공강꽁기깅강꽁기깅깅강꽁기깅강공강꽁기깅강꽁기깅깅강꽁기깅강공강꽁기깅강꽁기깅깅강꽁기깅강공꽁기깅강공강꽁기깅강꽁기깅깅강꽁기깅강공강꽁기깅강꽁기깅깅강꽁기깅강공강꽁기깅강꽁기깅깅강꽁기깅강공꽁기깅강공강꽁기깅강꽁기깅깅강꽁기깅강공강꽁기깅강꽁기깅깅강꽁기깅강공강꽁기깅강꽁기깅깅강꽁기깅강공꽁기깅강공강꽁기깅강꽁기깅깅강꽁기깅강공강꽁기깅강꽁기깅깅강꽁기깅강공강꽁기깅강꽁기깅깅강꽁기깅강공꽁기깅강공강꽁기깅강꽁기깅깅강꽁기깅강공강꽁기깅강꽁기깅깅강꽁기깅강공강꽁기깅강꽁기깅깅강꽁기깅강공,0,20211109,bad_feedback
117,YT,https://yt3.ggpht.com/KdIqj4ztswYNm5vdL5Ur4M4279tvjx0RgJO2wQUPNnfLU1yuRM_cyvvxMwmIWL8DpN3h2skOMQ=s48-c-k-c0x00ffffff-no-rj,꽈읻나 아ㅜ냐주ㅑㅜ냐ㅗㅑ우ㅑㅓ야ㅓ.....,꽈읻나 아ㅜ냐주ㅑㅜ냐ㅗㅑ우ㅑㅓ야ㅓ.....,0,20211109,bad_feedback
118,Thomas Shin,https://yt3.ggpht.com/ytc/AKedOLTf7KOpqt7UsCZ9uKnKZQagq59f5RkXpCVNSw=s48-c-k-c0x00ffffff-no-rj,중독성 넘 심해 ㅋㅋ,중독성 넘 심해 ㅋㅋ,0,20211109,bad_feedback
119,Thomas Shin,https://yt3.ggpht.com/ytc/AKedOLTf7KOpqt7UsCZ9uKnKZQagq59f5RkXpCVNSw=s48-c-k-c0x00ffffff-no-rj,ㅋㅋㅋㅋㅋㅋㅋㅋㅋ,ㅋㅋㅋㅋㅋㅋㅋㅋㅋ,0,20211109,good_feedback
120,우주다크,https://yt3.ggpht.com/kWOwUHtKubFg-U6gnG9XKidlTiTiKY0JYMEz9lhreclL3ti4lq3jWGOSEE38lHLRpsqGi9OT=s48-c-k-c0x00ffffff-no-rj,알고리즘이 날 반겨주고 들어가봤더니 방귀를 뀌네? 놀랍다 저렇게 리듬타듯이 방귀를 뀌는게 놀랍다,알고리즘이 날 반겨주고 들어가봤더니 방귀를 뀌네? 놀랍다 저렇게 리듬타듯이 방귀를 뀌는게 놀랍다,0,20211109,bad_feedback
121,로블록스 초보 에니메이터,https://yt3.ggpht.com/oTfanbk98Vjkzuxkpry7njRctfh09k24NlnrmoIdpJ6yj96gVzTDFmT_za002SiSyjIjNkFE4g=s48-c-k-c0x00ffffff-no-rj,"<a href=""https://www.youtube.com/watch?v=8vAouplPQsc&amp;t=0m03s"">0:03</a> 방구 소리(?)",0:03 방구 소리(?),0,20211109,bad_feedback
122,김민찬,https://yt3.ggpht.com/ytc/AKedOLS_nzBa9xleBaBf3bzw-qV2Upckr1RxHtt6uhS9=s48-c-k-c0x00ffffff-no-rj,이게 뭐고,이게 뭐고,0,20211109,bad_feedback
123,윤세라,https://yt3.ggpht.com/ytc/AKedOLTzle6WR7FI-Ag_hwUm7iHHEJS2ih-Y8XE5qg=s48-c-k-c0x00ffffff-no-rj,그와중에 목소리도 웃기네 ㅋㅋㅋㅋ,그와중에 목소리도 웃기네 ㅋㅋㅋㅋ,1,20211109,bad_feedback
124,셀킹 [YOUTUBE],https://yt3.ggpht.com/GGtd6OZ0D1gH4qbqoWobbGkRl74zsB1iCEu_KNhlf9NE-xMgmxAYpHIZK93afmwIdcdyzjA=s48-c-k-c0x00ffffff-no-rj,zzzzzzzzzzzzzzzzzzzzzzzzzzzzz,zzzzzzzzzzzzzzzzzzzzzzzzzzzzz,0,20211108,good_feedback
125,예현,https://yt3.ggpht.com/ytc/AKedOLSQs0NNVD9XIt8GgWB3UN_EZZCfJdoQO1zgyg=s48-c-k-c0x00ffffff-no-rj,바름 하기 어려다ㅠ,바름 하기 어려다ㅠ,0,20211107,bad_feedback
126,붕붕이TV,https://yt3.ggpht.com/ytc/AKedOLQBhFTrgkkFarDj4FZ_QtzH7nMLzvi5oh-soone=s48-c-k-c0x00ffffff-no-rj,이거 짤툰에서도 나온건데 재밌닼ㅋㅋㅋ,이거 짤툰에서도 나온건데 재밌닼ㅋㅋㅋ,1,20211107,good_feedback
127,서상수,https://yt3.ggpht.com/ytc/AKedOLRIbng7dzhwUPmZ9VRv_gWsNge3fIM2F0J9BA=s48-c-k-c0x00ffffff-no-rj,현재 한국밈피하기,현재 한국밈피하기,0,20211107,good_feedback
128,Hakinz,https://yt3.ggpht.com/EvqMQTMoBsIMaAAg18q_RT4RMVved_N5F_mReuujjrNZEUPjpacY-3IlK6fVR-9afiZIsFMc2g=s48-c-k-c0x00ffffff-no-rj,그에 손에 쥐어지는 합격 마스터볼,그에 손에 쥐어지는 합격 마스터볼,0,20211107,good_feedback
129,이상직,https://yt3.ggpht.com/ytc/AKedOLTWsBv01UCzHU5hQIBfnH_3-QmGRQmxtZEyLg=s48-c-k-c0x00ffffff-no-rj,"<a href=""https://www.youtube.com/watch?v=8vAouplPQsc&amp;t=0m00s"">0:00</a>",0:00,0,20211106,bad_feedback
130,N,https://yt3.ggpht.com/ytc/AKedOLRQxtRc4MGS45OxJDe1QbINHvrD0PcWGdoCxQ9l=s48-c-k-c0x00ffffff-no-rj,꽁기깅깅깅공강강꽁기깅깅기깅강 부와앙,꽁기깅깅깅공강강꽁기깅깅기깅강 부와앙,0,20211106,good_feedback
131,스피드왜건,https://yt3.ggpht.com/_5tASyyHiNZ3YjJU9EGLHQHGu0S-s6iS9ItF9Hx80Hr2uIIOTCiejU9HYRAM7T8zYwW4Gquc=s48-c-k-c0x00ffffff-no-rj,4초영상 보려고 15초 광고본 내가 래전드ㄷ..,4초영상 보려고 15초 광고본 내가 래전드ㄷ..,1,20211106,bad_feedback
132,해골,https://yt3.ggpht.com/ytc/AKedOLTxkUwv24-n7Zynax5LSRwQLfwGn-wY0ONPhF14Gg=s48-c-k-c0x00ffffff-no-rj,꽁기깅강깅공강강꽁기기깅낑깡,꽁기깅강깅공강강꽁기기깅낑깡,0,20211106,bad_feedback
133,애완상어,https://yt3.ggpht.com/ytc/AKedOLSKQyr2OQLS20Ltyx0oQnsaWwTdg_33KaNl610Ciw=s48-c-k-c0x00ffffff-no-rj,나 지금 이거 1시간째 듣고 있는거 같음,나 지금 이거 1시간째 듣고 있는거 같음,0,20211104,good_feedback
134,한요화,https://yt3.ggpht.com/KAh2scHQiNh298qb5VoAwx_X51wznXgDTFbrG5Xh7FbEdhI_SDVmC2frQRecZqEq73rbbCzR=s48-c-k-c0x00ffffff-no-rj,꽁기깅낑낑꽁깡깡꽁기깅낑끼잉깡,꽁기깅낑낑꽁깡깡꽁기깅낑끼잉깡,0,20211104,bad_feedback
135,센글TV,https://yt3.ggpht.com/MzdLiIms8e0rmnLJSaOpXZ1F_HF35HBTxp6ITv6kW4taXyGwMWL0NyBy5_N-YianQt1P18mKPQ=s48-c-k-c0x00ffffff-no-rj,(???),(???),0,20211104,bad_feedback
136,용항 YouTube,https://yt3.ggpht.com/oahXmmQdzP_BaqBlhGOJcnXwokdWnJjma25ZlRXwg279e62MObeBUqwgtjrANhcGU-429LXbYg=s48-c-k-c0x00ffffff-no-rj,꽁끼깅낑낑꽁깡깡꽁끼깅끼낑깡꽁끼깅낑낑꽁깡깡꽁끼깅끼낑깡꽁끼깅낑낑꽁깡깡꽁끼깅끼낑깡꽁끼깅낑낑꽁깡깡꽁끼깅끼낑깡꽁끼깅낑낑꽁깡깡꽁끼깅끼낑깡,꽁끼깅낑낑꽁깡깡꽁끼깅끼낑깡꽁끼깅낑낑꽁깡깡꽁끼깅끼낑깡꽁끼깅낑낑꽁깡깡꽁끼깅끼낑깡꽁끼깅낑낑꽁깡깡꽁끼깅끼낑깡꽁끼깅낑낑꽁깡깡꽁끼깅끼낑깡,0,20211104,bad_feedback
137,쿠쿸ᄏ쿸쿸쿸ᄏᄏ,https://yt3.ggpht.com/ytc/AKedOLQYSnQXmJ9RL8yDWwdBZ2e7iXQ00Kf_Tq_Ukw=s48-c-k-c0x00ffffff-no-rj,다른사람들 쓴거 약간틀림 원래는 꽁기깅강낑꽁깡깡꽁기기깅강꽁깡뿌와앙,다른사람들 쓴거 약간틀림 원래는 꽁기깅강낑꽁깡깡꽁기기깅강꽁깡뿌와앙,1,20211103,good_feedback
138,MEGATONMAN,https://yt3.ggpht.com/FHpIsxkN6yAKJMXZaFqcL9G34WuyEECfHJW0W6EYhblzIbcQNTbPP57iVnGd-35ja-ez55XhZQ=s48-c-k-c0x00ffffff-no-rj,정말 21세기 최고의 음악이자 지친일상에 활력을 불어넣어주는 따뜻한 음악이였습니다...,정말 21세기 최고의 음악이자 지친일상에 활력을 불어넣어주는 따뜻한 음악이였습니다...,57,20211103,good_feedback
139,이문호,https://yt3.ggpht.com/DZ6UUkSc7UIrYRBaNvZcqfx-Hwi-S_Cv8vcwQCT_j-F2MI5GsnnxK5WEAEpnbuRlSb55SySJiic=s48-c-k-c0x00ffffff-no-rj,고기깅깅깅깡꽁강고기기기깅강뽱,고기깅깅깅깡꽁강고기기기깅강뽱,0,20211102,bad_feedback
140,꿈의 뿐뿐,https://yt3.ggpht.com/_4Zl5J9_KkA7ihJrLHuuTg4M9ABA-1QgUCNp2xQVqqFAy3EPZDtMz00KBiH6eaB4z7S8ZXSUqg=s48-c-k-c0x00ffffff-no-rj,꽁기깅깅깅공강강꽁깅깅꽁기,꽁기깅깅깅공강강꽁깅깅꽁기,0,20211102,bad_feedback
141,MJ,https://yt3.ggpht.com/TrmIp8RtZHglwyW8miEZzxWaS_z9tGm4QTEF2uKjq7Zd_B_bhntREWidhxIrPZcrwApE4S6P=s48-c-k-c0x00ffffff-no-rj,왠지는 모르겠지만 &quot; kxkfrj &quot;라고 검색했더니 나오는 영상,"왠지는 모르겠지만 "" kxkfrj ""라고 검색했더니 나오는 영상",0,20211102,good_feedback
142,제육볶는김찬호,https://yt3.ggpht.com/omIiTTWgIWvMgNBlLGt7nb49C_-Ll7YoLNKOuDFAsh-xRyIYMCRQ28KzLAX6hPwrfUkSICAy=s48-c-k-c0x00ffffff-no-rj,1990: 미래에는 자동차가 날아다니겠지..?<br>2021: 거 자동차가 못날 수도 있꽁기깅강낑공강공꽁기끼깡공강뿌와왕,"1990: 미래에는 자동차가 날아다니겠지..?
2021: 거 자동차가 못날 수도 있꽁기깅강낑공강공꽁기끼깡공강뿌와왕",1,20211102,bad_feedback
143,List_리스트,https://yt3.ggpht.com/qFCywh5wkxPXwBVufm-t0qLMWtbPqhHeRkoWbixdn1kBU9qXcTUkrYxnB9gdbc2fR1lxAKs6cpg=s48-c-k-c0x00ffffff-no-rj,&quot;꽁기깅의 시작&quot;,"""꽁기깅의 시작""",0,20211101,bad_feedback
144,매점 MaeDot 🏪,https://yt3.ggpht.com/OevU686GaEgvsfXk4F9kdSAOR76CoPdS0BehoKFHuyOFWH4hlaC5IzxQaUTbu7-GAQg4LtQQzg=s48-c-k-c0x00ffffff-no-rj,결국 한국밈 피하기에 나와버렸다.,결국 한국밈 피하기에 나와버렸다.,0,20211101,bad_feedback
